Run,Assay Type,AvgSpotLen,Bases,BioProject,BioSample,BioSampleModel,Bytes,Center Name,Consent,DATASTORE filetype,DATASTORE provider,DATASTORE region,dev_stage,Experiment,Instrument,Isolate,Library Name,LibraryLayout,LibrarySelection,LibrarySource,Organism,Platform,ReleaseDate,create_date,version,Sample Name,sex,SRA Study,TISSUE,REPLICATE
SRR10352197,RNA-Seq,300,3968168400,PRJNA579844,SAMN13134449,Model organism or animal,1835765969,STANFORD UNIVERSITY,public,"fastq,run.zq,sra","gs,ncbi,s3","gs.US,ncbi.public,s3.us-east-1",B3-B3/b3-b4,SRX7061997,NextSeq 500,6176*a,Sample_4178_6176_a_primary_secondary_bud_stage_B1_approx6months_naive,PAIRED,RANDOM,TRANSCRIPTOMIC,Botryllus schlosseri,ILLUMINA,2020-11-18T00:00:00Z,2019-10-27T20:00:00Z,1,Sample_4178_6176_a_primary_secondary_bud_stage_B1_approx6months_naive,not applicable,SRP227136,whole system,
SRR10352198,RNA-Seq,221,15242160271,PRJNA579844,SAMN13134447,Model organism or animal,10731112341,STANFORD UNIVERSITY,public,"fastq,run.zq,sra","gs,ncbi,s3","gs.US,ncbi.public,s3.us-east-1",B1-B2/b1-b2,SRX7061995,NextSeq 500,Sc109e.7,HISeq-Sample_sc109e_bud_stage_a_IL2381-10,PAIRED,RANDOM,TRANSCRIPTOMIC,Botryllus schlosseri,ILLUMINA,2020-11-18T00:00:00Z,2019-10-27T20:14:00Z,1,HISeq-Sample_sc109e_bud_stage_a_IL2381-10,not applicable,SRP227136,whole system,biological replicate 3
SRR10352199,RNA-Seq,302,270825748,PRJNA579844,SAMN13134445,Model organism or animal,166356468,STANFORD UNIVERSITY,public,"fastq,run.zq,sra","gs,ncbi,s3","gs.US,ncbi.public,s3.us-east-1",B1-B2/b1-b2,SRX7061993,NextSeq 500,Sc109e.7,A1M1B-Sample_sc109e_bud_stage_a_IL2381-10,PAIRED,RANDOM,TRANSCRIPTOMIC,Botryllus schlosseri,ILLUMINA,2020-11-18T00:00:00Z,2019-10-27T19:53:00Z,1,A1M1B-Sample_sc109e_bud_stage_a_IL2381-10,not applicable,SRP227136,whole system,biological replicate 1
SRR10352200,RNA-Seq,300,4613439000,PRJNA579844,SAMN13134443,Model organism or animal,2088505214,STANFORD UNIVERSITY,public,"fastq,run.zq,sra","gs,ncbi,s3","gs.US,ncbi.public,s3.us-east-1",B1-B2/b1-b2,SRX7061991,NextSeq 500,6089e,Sample_4111_2_6089_e_primary_bud_1PrimaryBud_stageA2_naive_young_2weeks,PAIRED,RANDOM,TRANSCRIPTOMIC,Botryllus schlosseri,ILLUMINA,2020-11-18T00:00:00Z,2019-10-27T20:02:00Z,1,Sample_4111_2_6089_e_primary_bud_1PrimaryBud_stageA2_naive_young_2weeks,not applicable,SRP227136,whole system,Replicate 1
SRR10352201,RNA-Seq,300,4973585100,PRJNA579844,SAMN13134441,Model organism or animal,2441228430,STANFORD UNIVERSITY,public,"fastq,run.zq,sra","gs,ncbi,s3","gs.US,ncbi.public,s3.us-east-1",B to B,SRX7061989,NextSeq 500,Sc109e.109,3900_Sc109e_Sec_bud_D_early_mid_kp,PAIRED,RANDOM,TRANSCRIPTOMIC,Botryllus schlosseri,ILLUMINA,2020-11-18T00:00:00Z,2019-10-27T20:01:00Z,1,3900_Sc109e_Sec_bud_D_early_mid_kp,not applicable,SRP227136,whole system,
SRR10352202,RNA-Seq,300,738106500,PRJNA579844,SAMN13134396,Model organism or animal,321498571,STANFORD UNIVERSITY,public,"fastq,run.zq,sra","gs,ncbi,s3","gs.US,ncbi.public,s3.us-east-1",E1.2,SRX7061988,NextSeq 500,Monterey wild marina colony,Sample_E27_MontereyWildColony_4_cell_embryos_8_4cell_pool_UnknownSampleDate__N383Barcode_P46_D10_S45_R1_001,PAIRED,RANDOM,TRANSCRIPTOMIC,Botryllus schlosseri,ILLUMINA,2020-11-18T00:00:00Z,2019-10-27T19:54:00Z,1,Sample_E27_MontereyWildColony_4_cell_embryos_8_4cell_pool_UnknownSampleDate__N383Barcode_P46_D10_S45_R1_001,not applicable,SRP227136,whole system,biological replicate 2a
SRR10352203,RNA-Seq,202,354155692,PRJNA579844,SAMN13134446,Model organism or animal,218747359,STANFORD UNIVERSITY,public,"fastq,run.zq,sra","gs,ncbi,s3","gs.US,ncbi.public,s3.us-east-1",B1-B2/b1-b2,SRX7061994,NextSeq 500,Sc109e.7,A1L34-Sample_sc109e_bud_stage_a_IL2381-10,PAIRED,RANDOM,TRANSCRIPTOMIC,Botryllus schlosseri,ILLUMINA,2020-11-18T00:00:00Z,2019-10-27T19:53:00Z,1,A1L34-Sample_sc109e_bud_stage_a_IL2381-10,not applicable,SRP227136,whole system,biological replicate 2
SRR10352204,RNA-Seq,300,5727627300,PRJNA579844,SAMN13134459,Model organism or animal,2764723614,STANFORD UNIVERSITY,public,"fastq,run.zq,sra","gs,ncbi,s3","gs.US,ncbi.public,s3.us-east-1",A3-A4,SRX7061947,NextSeq 500,5432b.1,2372_5432b1_zooid_naive_stageAtoB,PAIRED,RANDOM,TRANSCRIPTOMIC,Botryllus schlosseri,ILLUMINA,2020-11-18T00:00:00Z,2019-10-27T20:01:00Z,1,2372_5432b1_zooid_naive_stageAtoB,not applicable,SRP227136,whole system,
SRR10352205,RNA-Seq,202,10576501436,PRJNA579844,SAMN13134439,Model organism or animal,6996363570,STANFORD UNIVERSITY,public,"fastq,run.zq,sra","gs,ncbi,s3","gs.US,ncbi.public,s3.us-east-1",b5-b6,SRX7061986,NextSeq 500,5491b.2,HISeq-Sample_3411_IL2574-4,PAIRED,RANDOM,TRANSCRIPTOMIC,Botryllus schlosseri,ILLUMINA,2020-11-18T00:00:00Z,2019-10-27T20:25:00Z,1,HISeq-Sample_3411_IL2574-4,not applicable,SRP227136,whole system,
SRR10352206,RNA-Seq,300,3609019200,PRJNA579844,SAMN13134437,Model organism or animal,1836994542,STANFORD UNIVERSITY,public,"fastq,run.zq,sra","gs,ncbi,s3","gs.US,ncbi.public,s3.us-east-1",b5-b6,SRX7061984,NextSeq 500,944a x BYd196.6-4.180 + 5869*-2,4017_944axbyd196_stageC1to2_SecBud,PAIRED,RANDOM,TRANSCRIPTOMIC,Botryllus schlosseri,ILLUMINA,2020-11-18T00:00:00Z,2019-10-27T20:00:00Z,1,4017_944axbyd196_stageC1to2_SecBud,not applicable,SRP227136,whole system,
SRR10352207,RNA-Seq,300,1633464000,PRJNA579844,SAMN13134428,Model organism or animal,731527029,STANFORD UNIVERSITY,public,"fastq,run.zq,sra","gs,ncbi,s3","gs.US,ncbi.public,s3.us-east-1",E7-E8,SRX7061983,NextSeq 500,Monterey wild marina colony,Sample_E61_MontereyWildColony_tadpole_touchdown_whole_tail_embryos_6_tadpole_touchdown_pool_082516_sampled__N383Barcode_P65_F5_S63_R1_001,PAIRED,RANDOM,TRANSCRIPTOMIC,Botryllus schlosseri,ILLUMINA,2020-11-18T00:00:00Z,2019-10-27T19:55:00Z,1,Sample_E61_MontereyWildColony_tadpole_touchdown_whole_tail_embryos_6_tadpole_touchdown_pool_082516,not applicable,SRP227136,whole system,biological replicate 1
SRR10352208,RNA-Seq,300,6590358000,PRJNA579844,SAMN13134426,Model organism or animal,3024389446,STANFORD UNIVERSITY,public,"fastq,run.zq,sra","gs,ncbi,s3","gs.US,ncbi.public,s3.us-east-1",E6-E7,SRX7061981,NextSeq 500,Monterey wild marina colony,Sample_e9_tadpole_25tadpole_swimming,PAIRED,RANDOM,TRANSCRIPTOMIC,Botryllus schlosseri,ILLUMINA,2020-11-18T00:00:00Z,2019-10-27T20:06:00Z,1,Sample_e9_tadpole_25tadpole_swimming,not applicable,SRP227136,whole system,biological replicate 2
SRR10352209,RNA-Seq,300,3561543600,PRJNA579844,SAMN13134424,Model organism or animal,1666972484,STANFORD UNIVERSITY,public,"fastq,run.zq,sra","gs,ncbi,s3","gs.US,ncbi.public,s3.us-east-1",E6,SRX7061979,NextSeq 500,Monterey wild marina colony,IL5700_LateWrp_sampled081914,PAIRED,RANDOM,TRANSCRIPTOMIC,Botryllus schlosseri,ILLUMINA,2020-11-18T00:00:00Z,2019-10-27T19:59:00Z,1,IL5700_LateWrp_sampled081914,not applicable,SRP227136,whole system,biological replicate 3
SRR10352210,RNA-Seq,300,230615100,PRJNA579844,SAMN13134423,Model organism or animal,102488814,STANFORD UNIVERSITY,public,"fastq,run.zq,sra","gs,ncbi,s3","gs.US,ncbi.public,s3.us-east-1",E6,SRX7061978,NextSeq 500,Monterey wild marina colony,Sample_E39_wrap_late_embryos_NumberUnknown_wrap_late_pool_LightPink_eyespot_pool_080416_sampled__N383Barcode_P54_E6_S52_R1_001,PAIRED,RANDOM,TRANSCRIPTOMIC,Botryllus schlosseri,ILLUMINA,2020-11-18T00:00:00Z,2019-10-27T19:52:00Z,1,Sample_E39_wrap_late_embryos_NumberUnknown_wrap_late_pool_LightPink_eyespot_pool_080416_sampled__N383Barcode_P54_E6_S52_R1_001,not applicable,SRP227136,whole system,biological replicate 2
SRR10352211,RNA-Seq,300,404595300,PRJNA579844,SAMN13134425,Model organism or animal,174858373,STANFORD UNIVERSITY,public,"fastq,run.zq,sra","gs,ncbi,s3","gs.US,ncbi.public,s3.us-east-1",E6-E7,SRX7061980,NextSeq 500,Monterey wild marina colony,Sample_E65_MontereyWildColony_tadpole_swimming_embryos_6_tadpole_pool_082516_sampled__N383Barcode_P68_F8_S66_R1_001,PAIRED,RANDOM,TRANSCRIPTOMIC,Botryllus schlosseri,ILLUMINA,2020-11-18T00:00:00Z,2019-10-27T19:53:00Z,1,Sample_E65_MontereyWildColony_tadpole_swimming_embryos_6_tadpole_pool_082516_sampled__N383Barcode_P68_F8_S66_R1_001,not applicable,SRP227136,whole system,biological replicate 1
SRR10352212,RNA-Seq,300,258246600,PRJNA579844,SAMN13134422,Model organism or animal,113865380,STANFORD UNIVERSITY,public,"fastq,run.zq,sra","gs,ncbi,s3","gs.US,ncbi.public,s3.us-east-1",E6,SRX7061977,NextSeq 500,Monterey wild marina colony,Sample_E30_MontereyWildColony_wrap_late_embryos_30_wrap_late_pool_080316_sampled__N383Barcode_P47_D11_S46_R1_001,PAIRED,RANDOM,TRANSCRIPTOMIC,Botryllus schlosseri,ILLUMINA,2020-11-18T00:00:00Z,2019-10-27T19:53:00Z,1,Sample_E30_MontereyWildColony_wrap_late_embryos_30_wrap_late_pool_080316_sampled__N383Barcode_P47_D11_S46_R1_001,not applicable,SRP227136,whole system,biological replicate 1
SRR10352213,RNA-Seq,300,4606867800,PRJNA579844,SAMN13134394,Model organism or animal,2071018619,STANFORD UNIVERSITY,public,"fastq,run.zq,sra","gs,ncbi,s3","gs.US,ncbi.public,s3.us-east-1",E1.1,SRX7061975,NextSeq 500,Monterey wild marina colony,Sample_e26_1_2cell_stage_18TwoCellStage,PAIRED,RANDOM,TRANSCRIPTOMIC,Botryllus schlosseri,ILLUMINA,2020-11-18T00:00:00Z,2019-10-27T19:59:00Z,1,Sample_e26_1_2cell_stage_18TwoCellStage,not applicable,SRP227136,whole system,biological replicate 3
SRR10352214,RNA-Seq,300,1180765200,PRJNA579844,SAMN13134420,Model organism or animal,544787499,STANFORD UNIVERSITY,public,"fastq,run.zq,sra","gs,ncbi,s3","gs.US,ncbi.public,s3.us-east-1",E5,SRX7061974,NextSeq 500,Monterey wild marina colony,Sample_E31_MontereyWildColony_wrap_mid_embryos_25_wrap_mid_pool_080316_sampled__N383Barcode_P48_D12_S47_R1_001,PAIRED,RANDOM,TRANSCRIPTOMIC,Botryllus schlosseri,ILLUMINA,2020-11-18T00:00:00Z,2019-10-27T19:55:00Z,1,Sample_E31_MontereyWildColony_wrap_mid_embryos_25_wrap_mid_pool_080316_sampled__N383Barcode_P48_D12_S47_R1_001,not applicable,SRP227136,whole system,biological replicate 2
SRR10352215,RNA-Seq,300,3018545100,PRJNA579844,SAMN13134418,Model organism or animal,1473923860,STANFORD UNIVERSITY,public,"fastq,run.zq,sra","gs,ncbi,s3","gs.US,ncbi.public,s3.us-east-1",E4,SRX7061972,NextSeq 500,Monterey wild marina colony,IL5702_Early_wrp_sampled082114,PAIRED,RANDOM,TRANSCRIPTOMIC,Botryllus schlosseri,ILLUMINA,2020-11-18T00:00:00Z,2019-10-27T19:58:00Z,1,IL5702_Early_wrp_sampled082114,not applicable,SRP227136,whole system,biological replicate 4
SRR10352216,RNA-Seq,300,534461700,PRJNA579844,SAMN13134472,Model organism or animal,235635953,STANFORD UNIVERSITY,public,"fastq,run.zq,sra","gs,ncbi,s3","gs.US,ncbi.public,s3.us-east-1",A1-A2,SRX7061971,NextSeq 500,6296a,Sample_4341_6296a_nervous_tissue_8_nervous_tissue_stage_A1_A2_naive_112216_sampled__N383Barcode_P37_D1_S36_R1_001,PAIRED,RANDOM,TRANSCRIPTOMIC,Botryllus schlosseri,ILLUMINA,2020-11-18T00:00:00Z,2019-10-27T19:53:00Z,1,Sample_4341_6296a_nervous_tissue_8_nervous_tissue_stage_A1_A2_naive_112216_sampled__N383Barcode_P37_D1_S36_R1_001,not applicable,SRP227136,nervous,
SRR10352217,RNA-Seq,300,3993025800,PRJNA579844,SAMN13134399,Model organism or animal,1821937756,STANFORD UNIVERSITY,public,"fastq,run.zq,sra","gs,ncbi,s3","gs.US,ncbi.public,s3.us-east-1",E1.3,SRX7061969,NextSeq 500,Monterey wild marina colony,Sample_e20_1_8cell_stage_4EightCellStage,PAIRED,RANDOM,TRANSCRIPTOMIC,Botryllus schlosseri,ILLUMINA,2020-11-18T00:00:00Z,2019-10-27T20:00:00Z,1,Sample_e20_1_8cell_stage_4EightCellStage,not applicable,SRP227136,whole system,
SRR10352218,RNA-Seq,300,3338445600,PRJNA579844,SAMN13134469,Model organism or animal,1820908705,STANFORD UNIVERSITY,public,"fastq,run.zq,sra","gs,ncbi,s3","gs.US,ncbi.public,s3.us-east-1",A1-A2,SRX7061967,NextSeq 500,5139jL11HMBYSc6ab)15.9 (vs. (944axBYd196.6)4.101),2341_5139jL11HMBYSc6ab_15_9_vs_944axBYd196_6_4_101,PAIRED,RANDOM,TRANSCRIPTOMIC,Botryllus schlosseri,ILLUMINA,2020-11-18T00:00:00Z,2019-10-27T19:59:00Z,1,2341_5139jL11HMBYSc6ab_15_9_vs_944axBYd196_6_4_101,not applicable,SRP227136,testis,biological replicate 1
SRR10352219,RNA-Seq,300,2648123100,PRJNA579844,SAMN13134467,Model organism or animal,1287990004,STANFORD UNIVERSITY,public,"fastq,run.zq,sra","gs,ncbi,s3","gs.US,ncbi.public,s3.us-east-1",A2-A3,SRX7061965,NextSeq 500,5432b.1,2371_5432b1_test_naive_StageAtoB,PAIRED,RANDOM,TRANSCRIPTOMIC,Botryllus schlosseri,ILLUMINA,2020-11-18T00:00:00Z,2019-10-27T19:57:00Z,1,2371_5432b1_test_naive_StageAtoB,not applicable,SRP227136,testis,
SRR10352220,RNA-Seq,300,640378200,PRJNA579844,SAMN13134466,Model organism or animal,290715020,STANFORD UNIVERSITY,public,"fastq,run.zq,sra","gs,ncbi,s3","gs.US,ncbi.public,s3.us-east-1",A3,SRX7061964,NextSeq 500,6328* (2),Sample_4234_6328_2_Settlement_Slide_testes_whole_4_testes_stage_B1_naive_111616_sampled__N383Barcode_P36_C12_S35_R1_001,PAIRED,RANDOM,TRANSCRIPTOMIC,Botryllus schlosseri,ILLUMINA,2020-11-18T00:00:00Z,2019-10-27T19:53:00Z,1,Sample_4234_6328_2_Settlement_Slide_testes_whole_4_testes_stage_B1_naive_111616_sampled__N383Barcode_P36_C12_S35_R1_001,not applicable,SRP227136,testis,
SRR10352221,RNA-Seq,300,11684274300,PRJNA579844,SAMN13134468,Model organism or animal,5549271288,STANFORD UNIVERSITY,public,"fastq,run.zq,sra","gs,ncbi,s3","gs.US,ncbi.public,s3.us-east-1",A5,SRX7061966,NextSeq 500,5423b.1,2374_5423b1_test_naive_stageC1,PAIRED,RANDOM,TRANSCRIPTOMIC,Botryllus schlosseri,ILLUMINA,2020-11-18T00:00:00Z,2019-10-27T20:14:00Z,1,2374_5423b1_test_naive_stageC1,not applicable,SRP227136,testis,
SRR10352222,RNA-Seq,300,2113588800,PRJNA579844,SAMN13134470,Model organism or animal,1153654926,STANFORD UNIVERSITY,public,"fastq,run.zq,sra","gs,ncbi,s3","gs.US,ncbi.public,s3.us-east-1",A1-A2,SRX7061968,NextSeq 500,5139jL11HMBYSc6ab)15.9 (vs. (944axBYd196.6)4.101),2347_5139jL11HMBYSc6ab_15_9_vs_944axBYd196_6_4_101,PAIRED,RANDOM,TRANSCRIPTOMIC,Botryllus schlosseri,ILLUMINA,2020-11-18T00:00:00Z,2019-10-27T19:56:00Z,1,2347_5139jL11HMBYSc6ab_15_9_vs_944axBYd196_6_4_101,not applicable,SRP227136,testis,biological replicate 2
SRR10352223,RNA-Seq,300,1218294600,PRJNA579844,SAMN13134465,Model organism or animal,530633100,STANFORD UNIVERSITY,public,"fastq,run.zq,sra","gs,ncbi,s3","gs.US,ncbi.public,s3.us-east-1",A1-A2,SRX7061963,NextSeq 500,6296a,Sample_4346_6296a_testes_whole__4_testes_whole_stage_A1_A2_naive_112216_sampled__N383Barcode_P38_D2_S37_R1_001,PAIRED,RANDOM,TRANSCRIPTOMIC,Botryllus schlosseri,ILLUMINA,2020-11-18T00:00:00Z,2019-10-27T19:54:00Z,1,Sample_4346_6296a_testes_whole__4_testes_whole_stage_A1_A2_naive_112216_sampled__N383Barcode_P38_D2_S37_R1_001,not applicable,SRP227136,testis,Replicate 2
SRR10352224,RNA-Seq,300,4847587800,PRJNA579844,SAMN13134463,Model organism or animal,2533047747,STANFORD UNIVERSITY,public,"fastq,run.zq,sra","gs,ncbi,s3","gs.US,ncbi.public,s3.us-east-1",TO,SRX7061961,NextSeq 500,Sc109e.109,3902_Sc109e_olds_zooid_D_early_mid_kp,PAIRED,RANDOM,TRANSCRIPTOMIC,Botryllus schlosseri,ILLUMINA,2020-11-18T00:00:00Z,2019-10-27T20:01:00Z,1,3902_Sc109e_olds_zooid_D_early_mid_kp,not applicable,SRP227136,whole system,
SRR10352225,RNA-Seq,300,2931478500,PRJNA579844,SAMN13134461,Model organism or animal,1599796707,STANFORD UNIVERSITY,public,"fastq,run.zq,sra","gs,ncbi,s3","gs.US,ncbi.public,s3.us-east-1",A5-A6,SRX7061959,NextSeq 500,Sc109e. 7 (? Vs. 5491b.3),3396_Sc109e.7_zooid_stage-C,PAIRED,RANDOM,TRANSCRIPTOMIC,Botryllus schlosseri,ILLUMINA,2020-11-18T00:00:00Z,2019-10-27T19:58:00Z,1,3396_Sc109e.7_zooid_stage-C,not applicable,SRP227136,whole system,
SRR10352226,RNA-Seq,300,5505576900,PRJNA579844,SAMN13134480,Model organism or animal,2980825016,STANFORD UNIVERSITY,public,"fastq,run.zq,sra","gs,ncbi,s3","gs.US,ncbi.public,s3.us-east-1",TO,SRX7061957,NextSeq 500,944axBYd196.6-4.194,4078_944aBYd196_6_4_194,PAIRED,RANDOM,TRANSCRIPTOMIC,Botryllus schlosseri,ILLUMINA,2020-11-18T00:00:00Z,2019-10-27T20:03:00Z,1,4078_944aBYd196_6_4_194,not applicable,SRP227136,ampullae,
SRR10352227,RNA-Seq,300,4416656400,PRJNA579844,SAMN13134479,Model organism or animal,2414523047,STANFORD UNIVERSITY,public,"fastq,run.zq,sra","gs,ncbi,s3","gs.US,ncbi.public,s3.us-east-1",A5-A6,SRX7061956,NextSeq 500,5875/5876* vs 5875/5876*,4085_5875a_vs_5876a,PAIRED,RANDOM,TRANSCRIPTOMIC,Botryllus schlosseri,ILLUMINA,2020-11-18T00:00:00Z,2019-10-27T20:01:00Z,1,4085_5875a_vs_5876a,not applicable,SRP227136,ampullae,
SRR10352228,RNA-Seq,300,6616519800,PRJNA579844,SAMN13134478,Model organism or animal,3594483488,STANFORD UNIVERSITY,public,"fastq,run.zq,sra","gs,ncbi,s3","gs.US,ncbi.public,s3.us-east-1",A3,SRX7061955,NextSeq 500,5968(2)* vs 5974a,4083_5968_2a_vs_5974a,PAIRED,RANDOM,TRANSCRIPTOMIC,Botryllus schlosseri,ILLUMINA,2020-11-18T00:00:00Z,2019-10-27T20:06:00Z,1,4083_5968_2a_vs_5974a,not applicable,SRP227136,ampullae,biological replicate 2
SRR10352229,RNA-Seq,221,11785059039,PRJNA579844,SAMN13134476,Model organism or animal,6453873892,STANFORD UNIVERSITY,public,"fastq,run.zq,sra","gs,ncbi,s3","gs.US,ncbi.public,s3.us-east-1",A1,SRX7061953,NextSeq 500,5139jL11HMBYSc6a-b35-15.15,HISeq-Sample_-5139jLllHMBYSc6a-b35--15_ampullae_IL2382-12,PAIRED,RANDOM,TRANSCRIPTOMIC,Botryllus schlosseri,ILLUMINA,2020-11-18T00:00:00Z,2019-10-27T20:12:00Z,1,HISeq-Sample_-5139jLllHMBYSc6a-b35--15_ampullae_IL2382-12,not applicable,SRP227136,ampullae,biological replicate 2
SRR10352230,RNA-Seq,202,301076152,PRJNA579844,SAMN13134474,Model organism or animal,145996630,STANFORD UNIVERSITY,public,"fastq,run.zq,sra","gs,ncbi,s3","gs.US,ncbi.public,s3.us-east-1",A1,SRX7061951,NextSeq 500,5139jL11HMBYSc6a-b35-15.15,A1L34-Sample_5139jLllHMBYSc6a-b35-15_ampullae_IL2382-12,PAIRED,RANDOM,TRANSCRIPTOMIC,Botryllus schlosseri,ILLUMINA,2020-11-18T00:00:00Z,2019-10-27T19:53:00Z,1,A1L34-Sample_5139jLllHMBYSc6a-b35-15_ampullae_IL2382-12,not applicable,SRP227136,ampullae,biological replicate 1
SRR10352231,RNA-Seq,300,472690200,PRJNA579844,SAMN13134473,Model organism or animal,207505055,STANFORD UNIVERSITY,public,"fastq,run.zq,sra","gs,ncbi,s3","gs.US,ncbi.public,s3.us-east-1",A1,SRX7061950,NextSeq 500,6331#(2)-1: settlement slide,Sample_4218_6331_2_1_Settlement_Slide_nervous_tissue_8_nervous_tissue_stage_A1_naive_110816_sampled__N383Barcode_P35_C11_S34_R1_001,PAIRED,RANDOM,TRANSCRIPTOMIC,Botryllus schlosseri,ILLUMINA,2020-11-18T00:00:00Z,2019-10-27T19:53:00Z,1,Sample_4218_6331_2_1_Settlement_Slide_nervous_tissue_8_nervous_tissue_stage_A1_naive_110816,not applicable,SRP227136,nervous,
SRR10352232,RNA-Seq,300,5002739700,PRJNA579844,SAMN13134475,Model organism or animal,2692512306,STANFORD UNIVERSITY,public,"fastq,run.zq,sra","gs,ncbi,s3","gs.US,ncbi.public,s3.us-east-1",A6,SRX7061952,NextSeq 500,Sc109e.109,3917_Sc109e_ampullae_tunic_D_early_mid_kp,PAIRED,RANDOM,TRANSCRIPTOMIC,Botryllus schlosseri,ILLUMINA,2020-11-18T00:00:00Z,2019-10-27T20:02:00Z,1,3917_Sc109e_ampullae_tunic_D_early_mid_kp,not applicable,SRP227136,ampullae,
SRR10352233,RNA-Seq,300,5762528400,PRJNA579844,SAMN13134477,Model organism or animal,3135289486,STANFORD UNIVERSITY,public,"fastq,run.zq,sra","gs,ncbi,s3","gs.US,ncbi.public,s3.us-east-1",A3,SRX7061954,NextSeq 500,5968(2)* vs 5974a,4082_5968r_2a_vs_5974a,PAIRED,RANDOM,TRANSCRIPTOMIC,Botryllus schlosseri,ILLUMINA,2020-11-18T00:00:00Z,2019-10-27T20:03:00Z,1,4082_5968r_2a_vs_5974a,not applicable,SRP227136,ampullae,biological replicate 1
SRR10352234,RNA-Seq,300,3991726200,PRJNA579844,SAMN13134460,Model organism or animal,1881733101,STANFORD UNIVERSITY,public,"fastq,run.zq,sra","gs,ncbi,s3","gs.US,ncbi.public,s3.us-east-1",A5-A6,SRX7061948,NextSeq 500,5423b.1,2375_5423b1_zooidsremains_naive_stageC1,PAIRED,RANDOM,TRANSCRIPTOMIC,Botryllus schlosseri,ILLUMINA,2020-11-18T00:00:00Z,2019-10-27T19:59:00Z,1,2375_5423b1_zooidsremains_naive_stageC1,not applicable,SRP227136,whole system,
SRR10352235,RNA-Seq,202,11618802246,PRJNA579844,SAMN13134458,Model organism or animal,7733284003,STANFORD UNIVERSITY,public,"fastq,run.zq,sra","gs,ncbi,s3","gs.US,ncbi.public,s3.us-east-1",A1-A2,SRX7061946,NextSeq 500,L11HMBY15 x Sc6a-b-40.1,HISeq-Sample_3435_IL2578-12,PAIRED,RANDOM,TRANSCRIPTOMIC,Botryllus schlosseri,ILLUMINA,2020-11-18T00:00:00Z,2019-10-27T20:13:00Z,1,HISeq-Sample_3435_IL2578-12,not applicable,SRP227136,whole system,
SRR10352236,RNA-Seq,300,423034200,PRJNA579844,SAMN13134456,Model organism or animal,195815771,STANFORD UNIVERSITY,public,"fastq,run.zq,sra","gs,ncbi,s3","gs.US,ncbi.public,s3.us-east-1",B to A,SRX7061944,NextSeq 500,944axBYd196.6-4.231,Sample_4145_944axBYd196_6_4_231_primary_bud_5primaryBud_stageD_midLate_old_14years_naive,PAIRED,RANDOM,TRANSCRIPTOMIC,Botryllus schlosseri,ILLUMINA,2020-11-18T00:00:00Z,2019-10-27T19:53:00Z,1,Sample_4145_944axBYd196_6_4_231_primary_bud_5primaryBud_stageD_midLate_old_14years_naive,not applicable,SRP227136,whole system,
SRR10352237,RNA-Seq,300,2960909100,PRJNA579844,SAMN13134455,Model organism or animal,1363268180,STANFORD UNIVERSITY,public,"fastq,run.zq,sra","gs,ncbi,s3","gs.US,ncbi.public,s3.us-east-1",B to A,SRX7061943,NextSeq 500,6105b,Sample_4190_6150b_primary_bud_primaryBud_stageD_early_gonads_naive_approx6months,PAIRED,RANDOM,TRANSCRIPTOMIC,Botryllus schlosseri,ILLUMINA,2020-11-18T00:00:00Z,2019-10-27T19:59:00Z,1,Sample_4190_6150b_primary_bud_primaryBud_stageD_early_gonads_naive_approx6months,not applicable,SRP227136,whole system,
SRR10352238,RNA-Seq,300,5223888600,PRJNA579844,SAMN13134454,Model organism or animal,2437625048,STANFORD UNIVERSITY,public,"fastq,run.zq,sra","gs,ncbi,s3","gs.US,ncbi.public,s3.us-east-1",B5-B6,SRX7061942,NextSeq 500,6208t,Sample_4184_6208t_primary_bud_stageC2_possibleTestesInBuds_approx6months_naive,PAIRED,RANDOM,TRANSCRIPTOMIC,Botryllus schlosseri,ILLUMINA,2020-11-18T00:00:00Z,2019-10-27T20:03:00Z,1,Sample_4184_6208t_primary_bud_stageC2_possibleTestesInBuds_approx6months_naive,not applicable,SRP227136,whole system,
SRR10352239,RNA-Seq,300,2825441700,PRJNA579844,SAMN13134451,Model organism or animal,1343282495,STANFORD UNIVERSITY,public,"fastq,run.zq,sra","gs,ncbi,s3","gs.US,ncbi.public,s3.us-east-1",B3-B3/b3-b4,SRX7061941,NextSeq 500,5869 settlement slide-3,4041_5869settelmentslide_Primaryandsecbud_stageB1,PAIRED,RANDOM,TRANSCRIPTOMIC,Botryllus schlosseri,ILLUMINA,2020-11-18T00:00:00Z,2019-10-27T19:57:00Z,1,4041_5869settelmentslide_Primaryandsecbud_stageB1,not applicable,SRP227136,whole system,
SRR10352240,RNA-Seq,300,2566845900,PRJNA579844,SAMN13134453,Model organism or animal,1203200656,STANFORD UNIVERSITY,public,"fastq,run.zq,sra","gs,ncbi,s3","gs.US,ncbi.public,s3.us-east-1",B5-B6,SRX7061940,NextSeq 500,6101b,Sample_4193_6106b_primary_bud_2primaryBud_stageC_C1C2_gonads_naive_approx6months,PAIRED,RANDOM,TRANSCRIPTOMIC,Botryllus schlosseri,ILLUMINA,2020-11-18T00:00:00Z,2019-10-27T19:57:00Z,1,Sample_4193_6106b_primary_bud_2primaryBud_stageC_C1C2_gonads_naive_approx6months,not applicable,SRP227136,whole system,
SRR10352241,RNA-Seq,300,1082355300,PRJNA579844,SAMN13134464,Model organism or animal,340286216,STANFORD UNIVERSITY,public,"fastq,run.zq,sra","gs,ncbi,s3","gs.US,ncbi.public,s3.us-east-1",A1-A2,SRX7061962,NextSeq 500,6296a,Sample_4346_6296a_testes_whole__4_testes_whole_stage_A1_A2_naive_112216_sampled__N383Barcode_P79_G7_S77_R1_001,PAIRED,RANDOM,TRANSCRIPTOMIC,Botryllus schlosseri,ILLUMINA,2020-11-18T00:00:00Z,2019-10-27T19:54:00Z,1,Sample_4346_6296a_testes_whole__4_testes_whole_stage_A1_A2_naive_112216_sampled__N383Barcode_P79_G7_S77_R1_001,not applicable,SRP227136,testis,Replicate 1
SRR10352242,RNA-Seq,300,4681518900,PRJNA579844,SAMN13134471,Model organism or animal,2562721200,STANFORD UNIVERSITY,public,"fastq,run.zq,sra","gs,ncbi,s3","gs.US,ncbi.public,s3.us-east-1",A2-A3,SRX7061970,NextSeq 500,Sc109e.6 (vs 5491b.3),3376_Sc109e_6_vs_5491b3,PAIRED,RANDOM,TRANSCRIPTOMIC,Botryllus schlosseri,ILLUMINA,2020-11-18T00:00:00Z,2019-10-27T20:02:00Z,1,3376_Sc109e_6_vs_5491b3,not applicable,SRP227136,testis,
SRR10352243,RNA-Seq,300,2852670000,PRJNA579844,SAMN13134397,Model organism or animal,1214545502,STANFORD UNIVERSITY,public,"fastq,run.zq,sra","gs,ncbi,s3","gs.US,ncbi.public,s3.us-east-1",E1.2,SRX7061938,NextSeq 500,Monterey wild marina colony,Sample_E27_MontereyWildColony_4_cell_embryos_8_4cell_pool_UnknownSampleDate__N383Barcode_P87_H3_S84_R1_001,PAIRED,RANDOM,TRANSCRIPTOMIC,Botryllus schlosseri,ILLUMINA,2020-11-18T00:00:00Z,2019-10-27T19:57:00Z,1,Sample_E27_MontereyWildColony_4_cell_embryos_8_4cell_pool_UnknownSampleDate__N383Barcode_P87_H3_S84_R1_001,not applicable,SRP227136,whole system,biological replicate 2b
SRR10352244,RNA-Seq,300,2967522000,PRJNA579844,SAMN13134452,Model organism or animal,1374198509,STANFORD UNIVERSITY,public,"fastq,run.zq,sra","gs,ncbi,s3","gs.US,ncbi.public,s3.us-east-1",B3-B3/b3-b4,SRX7061939,NextSeq 500,944axBYd196.6-4.227,Sample_4129_944axBYd196_6_4_227_primary_secondary_bud_7primaryAndsecondaryBud_stageB_old_14years_naive,PAIRED,RANDOM,TRANSCRIPTOMIC,Botryllus schlosseri,ILLUMINA,2020-11-18T00:00:00Z,2019-10-27T19:58:00Z,1,Sample_4129_944axBYd196_6_4_227_primary_secondary_bud_7primaryAndsecondaryBud_stageB_old_14years_naive,not applicable,SRP227136,whole system,
SRR10352245,RNA-Seq,300,2220981600,PRJNA579844,SAMN13134457,Model organism or animal,1181678442,STANFORD UNIVERSITY,public,"fastq,run.zq,sra","gs,ncbi,s3","gs.US,ncbi.public,s3.us-east-1",A1-A2,SRX7061945,NextSeq 500,Sc109e.109,3868_Sc109e_zooid_buds_intestine_A2_kp,PAIRED,RANDOM,TRANSCRIPTOMIC,Botryllus schlosseri,ILLUMINA,2020-11-18T00:00:00Z,2019-10-27T19:56:00Z,1,3868_Sc109e_zooid_buds_intestine_A2_kp,not applicable,SRP227136,whole system,
SRR10352246,RNA-Seq,300,1853648400,PRJNA579844,SAMN13134436,Model organism or animal,561364582,STANFORD UNIVERSITY,public,"fastq,run.zq,sra","gs,ncbi,s3","gs.US,ncbi.public,s3.us-east-1",b5-b6,SRX7061937,NextSeq 500,6348*,Sample_4355_6348_Settlement_Slide_secondary_bud_4_secondary_bud_stage_C1_C2_naive_121016_sampled__N383Barcode_P80_G8_S78_R1_001,PAIRED,RANDOM,TRANSCRIPTOMIC,Botryllus schlosseri,ILLUMINA,2020-11-18T00:00:00Z,2019-10-27T19:55:00Z,1,Sample_4355_6348_Settlement_Slide_secondary_bud_4_secondary_bud_stage_C1_C2_naive_121016_sampled__N383Barcode_P80_G8_S78_R1_001,not applicable,SRP227136,whole system,Replicate 2
SRR10352247,RNA-Seq,300,291467700,PRJNA579844,SAMN13134435,Model organism or animal,129515640,STANFORD UNIVERSITY,public,"fastq,run.zq,sra","gs,ncbi,s3","gs.US,ncbi.public,s3.us-east-1",b5-b6,SRX7061936,NextSeq 500,6348*,Sample_4355_6348_Settlement_Slide_secondary_bud_4_secondary_bud_stage_C1_C2_naive_121016_sampled__N383Barcode_P39_D3_S38_R1_001,PAIRED,RANDOM,TRANSCRIPTOMIC,Botryllus schlosseri,ILLUMINA,2020-11-18T00:00:00Z,2019-10-27T19:53:00Z,1,Sample_4355_6348_Settlement_Slide_secondary_bud_4_secondary_bud_stage_C1_C2_naive_121016_sampled__N383Barcode_P39_D3_S38_R1_001,not applicable,SRP227136,whole system,Replicate 1
SRR10352248,RNA-Seq,300,146332500,PRJNA579844,SAMN13134434,Model organism or animal,63725051,STANFORD UNIVERSITY,public,"fastq,run.zq,sra","gs,ncbi,s3","gs.US,ncbi.public,s3.us-east-1",E9,SRX7061935,NextSeq 500,Monterey wild marina colony,Sample_E64_MontereyWildColony_oozooid__no_tail_settled_eyespot_embryos_10_oozooid_no_tail_pool_082516_sampled__N383Barcode_P67_F7_S65_R1_001,PAIRED,RANDOM,TRANSCRIPTOMIC,Botryllus schlosseri,ILLUMINA,2020-11-18T00:00:00Z,2019-10-27T19:52:00Z,1,Sample_E64_MontereyWildColony_oozooid__no_tail_settled_eyespot_embryos_10_oozooid_no_tail_pool_082516,not applicable,SRP227136,whole system,
SRR10352249,RNA-Seq,300,849163800,PRJNA579844,SAMN13134432,Model organism or animal,369916538,STANFORD UNIVERSITY,public,"fastq,run.zq,sra","gs,ncbi,s3","gs.US,ncbi.public,s3.us-east-1",E8-E9,SRX7061934,NextSeq 500,Monterey wild marina colony,Sample_E52_MontereyWildColony_oozooid__tiny_tail_remnant_embryos_unknown_number_oozooid_tail_remnant_pool_082316_sampled__N383Barcode_P62_F2_S60_R1_001,PAIRED,RANDOM,TRANSCRIPTOMIC,Botryllus schlosseri,ILLUMINA,2020-11-18T00:00:00Z,2019-10-27T19:54:00Z,1,Sample_E52_MontereyWildColony_oozooid__tiny_tail_remnant_embryos_unknown_number_oozooid_tail_remnant_pool_082316,not applicable,SRP227136,whole system,biological replicate 3
SRR10352250,RNA-Seq,300,365064300,PRJNA579844,SAMN13134433,Model organism or animal,158702160,STANFORD UNIVERSITY,public,"fastq,run.zq,sra","gs,ncbi,s3","gs.US,ncbi.public,s3.us-east-1",E8-E9,SRX7061933,NextSeq 500,Monterey wild marina colony,Sample_E63_MontereyWildColony_oozooid__tiny_tail_remnant_embryos_8_oozooid_tail_remnant_pool_082516_sampled__N383Barcode_P66_F6_S64_R1_001,PAIRED,RANDOM,TRANSCRIPTOMIC,Botryllus schlosseri,ILLUMINA,2020-11-18T00:00:00Z,2019-10-27T19:53:00Z,1,Sample_E63_MontereyWildColony_oozooid__tiny_tail_remnant_embryos_8_oozooid_tail_remnant_pool_082516_sampled,not applicable,SRP227136,whole system,biological replicate 4
SRR10352251,RNA-Seq,300,3688220400,PRJNA579844,SAMN13134438,Model organism or animal,1892043825,STANFORD UNIVERSITY,public,"fastq,run.zq,sra","gs,ncbi,s3","gs.US,ncbi.public,s3.us-east-1",b5-b6,SRX7061985,NextSeq 500,5869 settlement slide-5,4033_5869setelmentslide_stageC2_4secondarybuds,PAIRED,RANDOM,TRANSCRIPTOMIC,Botryllus schlosseri,ILLUMINA,2020-11-18T00:00:00Z,2019-10-27T20:00:00Z,1,4033_5869setelmentslide_stageC2_4secondarybuds,not applicable,SRP227136,whole system,
SRR10352252,RNA-Seq,300,6056760300,PRJNA579844,SAMN13134440,Model organism or animal,3263959923,STANFORD UNIVERSITY,public,"fastq,run.zq,sra","gs,ncbi,s3","gs.US,ncbi.public,s3.us-east-1",B to B,SRX7061987,NextSeq 500,Sc109e.113,3887_Sc109e_Sec_Bud_D_mid_late_kp,PAIRED,RANDOM,TRANSCRIPTOMIC,Botryllus schlosseri,ILLUMINA,2020-11-18T00:00:00Z,2019-10-27T20:06:00Z,1,3887_Sc109e_Sec_Bud_D_mid_late_kp,not applicable,SRP227136,whole system,
SRR10352253,RNA-Seq,300,6355712100,PRJNA579844,SAMN13134431,Model organism or animal,2914448340,STANFORD UNIVERSITY,public,"fastq,run.zq,sra","gs,ncbi,s3","gs.US,ncbi.public,s3.us-east-1",E8-E9,SRX7061932,NextSeq 500,Monterey wild marina colony,Sample_e13_oozooid_25stumpTailOozooid_TailAlmostResorbed_LessThan24hrPostHatching,PAIRED,RANDOM,TRANSCRIPTOMIC,Botryllus schlosseri,ILLUMINA,2020-11-18T00:00:00Z,2019-10-27T20:03:00Z,1,Sample_e13_oozooid_25stumpTailOozooid_TailAlmostResorbed_LessThan24hrPostHatching,not applicable,SRP227136,whole system,biological replicate 2
SRR10352254,RNA-Seq,300,5482368900,PRJNA579844,SAMN13134462,Model organism or animal,2984116333,STANFORD UNIVERSITY,public,"fastq,run.zq,sra","gs,ncbi,s3","gs.US,ncbi.public,s3.us-east-1",TO,SRX7061960,NextSeq 500,Sc109e.113,3890_Sc109e_old_zooid_D_mid_Late_kp,PAIRED,RANDOM,TRANSCRIPTOMIC,Botryllus schlosseri,ILLUMINA,2020-11-18T00:00:00Z,2019-10-27T20:03:00Z,1,3890_Sc109e_old_zooid_D_mid_Late_kp,not applicable,SRP227136,whole system,
SRR10352255,RNA-Seq,300,16349430900,PRJNA579844,SAMN13134400,Model organism or animal,7515298955,STANFORD UNIVERSITY,public,"fastq,run.zq,sra","gs,ncbi,s3","gs.US,ncbi.public,s3.us-east-1",E1.4,SRX7061958,NextSeq 500,Monterey wild marina colony,Sample_e14_morula_24morula_pool,PAIRED,RANDOM,TRANSCRIPTOMIC,Botryllus schlosseri,ILLUMINA,2020-11-18T00:00:00Z,2019-10-27T20:24:00Z,1,Sample_e14_morula_24morula_pool,not applicable,SRP227136,whole system,biological replicate 1
SRR10352256,RNA-Seq,300,537018300,PRJNA579844,SAMN13134395,Model organism or animal,232222190,STANFORD UNIVERSITY,public,"fastq,run.zq,sra","gs,ncbi,s3","gs.US,ncbi.public,s3.us-east-1",E1.2,SRX7061931,NextSeq 500,Monterey wild marina colony,Sample_E56_MontereyWildColony_4_cell_embryos_22_4_cell_just_fertilized_pool_082516_sampled__N383Barcode_P64_F4_S62_R1_001,PAIRED,RANDOM,TRANSCRIPTOMIC,Botryllus schlosseri,ILLUMINA,2020-11-18T00:00:00Z,2019-10-27T19:53:00Z,1,Sample_E56_MontereyWildColony_4_cell_embryos_22_4_cell_just_fertilized_pool_082516_sampled__N383Barcode_P64_F4_S62_R1_001,not applicable,SRP227136,whole system,biological replicate 1
SRR10352257,RNA-Seq,300,66618600,PRJNA579844,SAMN13134444,Model organism or animal,30093691,STANFORD UNIVERSITY,public,"fastq,run.zq,sra","gs,ncbi,s3","gs.US,ncbi.public,s3.us-east-1",B1-B2/b1-b2,SRX7061992,NextSeq 500,6089e,Sample_4111_4_6089_e_primary_bud_1PrimaryBud_stageA2_naive_young_2weeks,PAIRED,RANDOM,TRANSCRIPTOMIC,Botryllus schlosseri,ILLUMINA,2020-11-18T00:00:00Z,2019-10-27T19:52:00Z,1,Sample_4111_4_6089_e_primary_bud_1PrimaryBud_stageA2_naive_young_2weeks,not applicable,SRP227136,whole system,Replicate 2
SRR10352258,RNA-Seq,300,3829989600,PRJNA579844,SAMN13134450,Model organism or animal,1776749350,STANFORD UNIVERSITY,public,"fastq,run.zq,sra","gs,ncbi,s3","gs.US,ncbi.public,s3.us-east-1",B3-B3/b3-b4,SRX7061998,NextSeq 500,6208b.2,Sample_4171_6208b_2_primary_secondary_bud_stageB_B1B2_approx5months_naive,PAIRED,RANDOM,TRANSCRIPTOMIC,Botryllus schlosseri,ILLUMINA,2020-11-18T00:00:00Z,2019-10-27T20:00:00Z,1,Sample_4171_6208b_2_primary_secondary_bud_stageB_B1B2_approx5months_naive,not applicable,SRP227136,whole system,
SRR10352259,RNA-Seq,300,10202603100,PRJNA579844,SAMN13134429,Model organism or animal,4649280119,STANFORD UNIVERSITY,public,"fastq,run.zq,sra","gs,ncbi,s3","gs.US,ncbi.public,s3.us-east-1",E7-E8,SRX7061929,NextSeq 500,Monterey wild marina colony,Sample_e4101_tadpole_6tadpole_TouchDown_50to75percentTailRemaining,PAIRED,RANDOM,TRANSCRIPTOMIC,Botryllus schlosseri,ILLUMINA,2020-11-18T00:00:00Z,2019-10-27T20:11:00Z,1,Sample_e4101_tadpole_6tadpole_TouchDown_50to75percentTailRemaining,not applicable,SRP227136,whole system,biological replicate 2
SRR10352260,RNA-Seq,300,98421000,PRJNA579844,SAMN13134417,Model organism or animal,44315005,STANFORD UNIVERSITY,public,"fastq,run.zq,sra","gs,ncbi,s3","gs.US,ncbi.public,s3.us-east-1",E4,SRX7061928,NextSeq 500,Monterey wild marina colony,Sample_E44_MontereyWildColony_wrap_early_embryos_20_wrap_early_pool_082316_sampled__N383Barcode_P57_E9_S55_R1_001,PAIRED,RANDOM,TRANSCRIPTOMIC,Botryllus schlosseri,ILLUMINA,2020-11-18T00:00:00Z,2019-10-27T19:52:00Z,1,Sample_E44_MontereyWildColony_wrap_early_embryos_20_wrap_early_pool_082316_sampled__N383Barcode_P57_E9_S55_R1_001,not applicable,SRP227136,whole system,biological replicate 3
SRR10352261,RNA-Seq,300,180129000,PRJNA579844,SAMN13134416,Model organism or animal,79392296,STANFORD UNIVERSITY,public,"fastq,run.zq,sra","gs,ncbi,s3","gs.US,ncbi.public,s3.us-east-1",E4,SRX7061927,NextSeq 500,Monterey wild marina colony,Sample_E21_MontereyWildColony_wrap_early_very_embryos_110_wrap_early_very_pool_083015_sampled__N383Barcode_P86_H2_S83_R1_001,PAIRED,RANDOM,TRANSCRIPTOMIC,Botryllus schlosseri,ILLUMINA,2020-11-18T00:00:00Z,2019-10-27T19:53:00Z,1,Sample_E21_MontereyWildColony_wrap_early_very_embryos_110_wrap_early_very_pool_083015_sampled__N383Barcode_P86_H2_S83_R1_001,not applicable,SRP227136,whole system,biological replicate 2
SRR10352262,RNA-Seq,300,54651900,PRJNA579844,SAMN13134415,Model organism or animal,24180247,STANFORD UNIVERSITY,public,"fastq,run.zq,sra","gs,ncbi,s3","gs.US,ncbi.public,s3.us-east-1",E4,SRX7061926,NextSeq 500,Monterey wild marina colony,Sample_E21_MontereyWildColony_wrap_early_very_embryos_110_wrap_early_very_pool_083015_sampled__N383Barcode_P82_G10_S80_R1_001,PAIRED,RANDOM,TRANSCRIPTOMIC,Botryllus schlosseri,ILLUMINA,2020-11-18T00:00:00Z,2019-10-27T19:52:00Z,1,Sample_E21_MontereyWildColony_wrap_early_very_embryos_110_wrap_early_very_pool_083015_sampled__N383Barcode_P82_G10_S80_R1_001,not applicable,SRP227136,whole system,biological replicate 1b
SRR10352263,RNA-Seq,300,386854200,PRJNA579844,SAMN13134414,Model organism or animal,175086294,STANFORD UNIVERSITY,public,"fastq,run.zq,sra","gs,ncbi,s3","gs.US,ncbi.public,s3.us-east-1",E4,SRX7061925,NextSeq 500,Monterey wild marina colony,Sample_E21_MontereyWildColony_wrap_early_very_embryos_110_wrap_early_very_pool_083015_sampled__N383Barcode_P45_D9_S44_R1_001,PAIRED,RANDOM,TRANSCRIPTOMIC,Botryllus schlosseri,ILLUMINA,2020-11-18T00:00:00Z,2019-10-27T19:53:00Z,1,Sample_E21_MontereyWildColony_wrap_early_very_embryos_110_wrap_early_very_pool_083015_sampled__N383Barcode_P45_D9_S44_R1_001,not applicable,SRP227136,whole system,biological replicate 1a
SRR10352264,RNA-Seq,300,3766297500,PRJNA579844,SAMN13134412,Model organism or animal,1766771820,STANFORD UNIVERSITY,public,"fastq,run.zq,sra","gs,ncbi,s3","gs.US,ncbi.public,s3.us-east-1",E3.2,SRX7061923,NextSeq 500,Monterey wild marina colony,IL5703_Tailbd_sampled091014,PAIRED,RANDOM,TRANSCRIPTOMIC,Botryllus schlosseri,ILLUMINA,2020-11-18T00:00:00Z,2019-10-27T20:00:00Z,1,IL5703_Tailbd_sampled091014,not applicable,SRP227136,whole system,biological replicate 3
SRR10352265,RNA-Seq,300,103887000,PRJNA579844,SAMN13134411,Model organism or animal,47238085,STANFORD UNIVERSITY,public,"fastq,run.zq,sra","gs,ncbi,s3","gs.US,ncbi.public,s3.us-east-1",E3.2,SRX7061922,NextSeq 500,Monterey wild marina colony,Sample_E37_MontereyWildColony_tailbud_embryos_35_tailbud_pool_080416_sampled__N383Barcode_P53_E5_S51_R1_001,PAIRED,RANDOM,TRANSCRIPTOMIC,Botryllus schlosseri,ILLUMINA,2020-11-18T00:00:00Z,2019-10-27T19:52:00Z,1,Sample_E37_MontereyWildColony_tailbud_embryos_35_tailbud_pool_080416_sampled__N383Barcode_P53_E5_S51_R1_001,not applicable,SRP227136,whole system,biological replicate 2
SRR10352266,RNA-Seq,300,94771500,PRJNA579844,SAMN13134393,Model organism or animal,42060260,STANFORD UNIVERSITY,public,"fastq,run.zq,sra","gs,ncbi,s3","gs.US,ncbi.public,s3.us-east-1",E1.1,SRX7061921,NextSeq 500,Monterey wild marina colony,Sample_E12_MontereyWildColony_2_cell_embryos_6_2_cell_pool_060315_sampled__N383Barcode_P81_G9_S79_R1_001,PAIRED,RANDOM,TRANSCRIPTOMIC,Botryllus schlosseri,ILLUMINA,2020-11-18T00:00:00Z,2019-10-27T19:52:00Z,1,Sample_E12_MontereyWildColony_2_cell_embryos_6_2_cell_pool_060315_sampled__N383Barcode_P81_G9_S79_R1_001,not applicable,SRP227136,whole system,biological replicate 2b
SRR10352267,RNA-Seq,300,8244113400,PRJNA579844,SAMN13134409,Model organism or animal,3783154904,STANFORD UNIVERSITY,public,"fastq,run.zq,sra","gs,ncbi,s3","gs.US,ncbi.public,s3.us-east-1",E3.1,SRX7061919,NextSeq 500,Monterey wild marina colony,Sample_e25_neurula_32neurula_pool,PAIRED,RANDOM,TRANSCRIPTOMIC,Botryllus schlosseri,ILLUMINA,2020-11-18T00:00:00Z,2019-10-27T20:07:00Z,1,Sample_e25_neurula_32neurula_pool,not applicable,SRP227136,whole system,biological replicate 2
SRR10352268,RNA-Seq,300,2988398100,PRJNA579844,SAMN13134407,Model organism or animal,1349874185,STANFORD UNIVERSITY,public,"fastq,run.zq,sra","gs,ncbi,s3","gs.US,ncbi.public,s3.us-east-1",E2,SRX7061917,NextSeq 500,Monterey wild marina colony,IL5704_Gastrula_sampled081914,PAIRED,RANDOM,TRANSCRIPTOMIC,Botryllus schlosseri,ILLUMINA,2020-11-18T00:00:00Z,2019-10-27T19:57:00Z,1,IL5704_Gastrula_sampled081914,not applicable,SRP227136,whole system,biological replicate 2
SRR10352269,RNA-Seq,300,3822558600,PRJNA579844,SAMN13134405,Model organism or animal,1988684223,STANFORD UNIVERSITY,public,"fastq,run.zq,sra","gs,ncbi,s3","gs.US,ncbi.public,s3.us-east-1",E1.5,SRX7061915,NextSeq 500,Monterey wild marina colony,IL5705_Blastula_sampled081914,PAIRED,RANDOM,TRANSCRIPTOMIC,Botryllus schlosseri,ILLUMINA,2020-11-18T00:00:00Z,2019-10-27T19:59:00Z,1,IL5705_Blastula_sampled081914,not applicable,SRP227136,whole system,biological replicate 3
SRR10352270,RNA-Seq,300,984517800,PRJNA579844,SAMN13134401,Model organism or animal,440128625,STANFORD UNIVERSITY,public,"fastq,run.zq,sra","gs,ncbi,s3","gs.US,ncbi.public,s3.us-east-1",E1.4,SRX7061914,NextSeq 500,Monterey wild marina colony,Sample_E45_MontereyWildColony_morula_pre_embryos_25_morula_pre_pool_082316_sampled__N383Barcode_P58_E10_S56_R1_001,PAIRED,RANDOM,TRANSCRIPTOMIC,Botryllus schlosseri,ILLUMINA,2020-11-18T00:00:00Z,2019-10-27T19:54:00Z,1,Sample_E45_MontereyWildColony_morula_pre_embryos_25_morula_pre_pool_082316_sampled__N383Barcode_P58_E10_S56_R1_001,not applicable,SRP227136,whole system,biological replicate 2
SRR10352271,RNA-Seq,300,605134200,PRJNA579844,SAMN13134419,Model organism or animal,276191903,STANFORD UNIVERSITY,public,"fastq,run.zq,sra","gs,ncbi,s3","gs.US,ncbi.public,s3.us-east-1",E5,SRX7061973,NextSeq 500,Monterey wild marina colony,Sample_E40_MontereyWildColony_wrap_early_mid_embryos_UnknownNumber_wrap_early_mid_pool_080416_sampled__N383Barcode_P55_E7_S53_R1_001,PAIRED,RANDOM,TRANSCRIPTOMIC,Botryllus schlosseri,ILLUMINA,2020-11-18T00:00:00Z,2019-10-27T19:53:00Z,1,Sample_E40_MontereyWildColony_wrap_early_mid_embryos_UnknownNumber_wrap_early_mid_pool_080416,not applicable,SRP227136,whole system,biological replicate 1
SRR10352272,RNA-Seq,300,502557600,PRJNA579844,SAMN13134404,Model organism or animal,214436121,STANFORD UNIVERSITY,public,"fastq,run.zq,sra","gs,ncbi,s3","gs.US,ncbi.public,s3.us-east-1",E1.5,SRX7061913,NextSeq 500,Monterey wild marina colony,Sample_E15_MontereyWildColony_blastula_embryos_22_blastula_pool_06301_sampled__N383Barcode_P85_H1_S82_R1_001,PAIRED,RANDOM,TRANSCRIPTOMIC,Botryllus schlosseri,ILLUMINA,2020-11-18T00:00:00Z,2019-10-27T19:53:00Z,1,Sample_E15_MontereyWildColony_blastula_embryos_22_blastula_pool_06301_sampled__N383Barcode_P85_H1_S82_R1_001,not applicable,SRP227136,whole system,biological replicate 2b
SRR10352273,RNA-Seq,202,10676450834,PRJNA579844,SAMN13134448,Model organism or animal,7152645304,STANFORD UNIVERSITY,public,"fastq,run.zq,sra","gs,ncbi,s3","gs.US,ncbi.public,s3.us-east-1",B1-B2/b1-b2,SRX7061996,NextSeq 500,L11HMBY15 x Sc6a-b-40.1,HISeq-Sample_3434_IL2577-7,PAIRED,RANDOM,TRANSCRIPTOMIC,Botryllus schlosseri,ILLUMINA,2020-11-18T00:00:00Z,2019-10-27T20:13:00Z,1,HISeq-Sample_3434_IL2577-7,not applicable,SRP227136,whole system,
SRR10352274,RNA-Seq,300,4889471400,PRJNA579844,SAMN13134398,Model organism or animal,2217425190,STANFORD UNIVERSITY,public,"fastq,run.zq,sra","gs,ncbi,s3","gs.US,ncbi.public,s3.us-east-1",E1.2,SRX7061949,NextSeq 500,Monterey wild marina colony,Sample_e29_1_4cell_stage_8FourCellStage,PAIRED,RANDOM,TRANSCRIPTOMIC,Botryllus schlosseri,ILLUMINA,2020-11-18T00:00:00Z,2019-10-27T20:01:00Z,1,Sample_e29_1_4cell_stage_8FourCellStage,not applicable,SRP227136,whole system,biological replicate 3
SRR10352275,RNA-Seq,300,706000800,PRJNA579844,SAMN13134403,Model organism or animal,311393133,STANFORD UNIVERSITY,public,"fastq,run.zq,sra","gs,ncbi,s3","gs.US,ncbi.public,s3.us-east-1",E1.5,SRX7061912,NextSeq 500,Monterey wild marina colony,Sample_E15_MontereyWildColony_blastula_embryos_22_blastula_pool_06301_sampled__N383Barcode_P44_D8_S43_R1_001,PAIRED,RANDOM,TRANSCRIPTOMIC,Botryllus schlosseri,ILLUMINA,2020-11-18T00:00:00Z,2019-10-27T19:54:00Z,1,Sample_E15_MontereyWildColony_blastula_embryos_22_blastula_pool_06301_sampled__N383Barcode_P44_D8_S43_R1_001,not applicable,SRP227136,whole system,biological replicate 2a
SRR10352276,RNA-Seq,300,6025962300,PRJNA579844,SAMN13134430,Model organism or animal,2761753179,STANFORD UNIVERSITY,public,"fastq,run.zq,sra","gs,ncbi,s3","gs.US,ncbi.public,s3.us-east-1",E8-E9,SRX7061930,NextSeq 500,Monterey wild marina colony,Sample_e4092_oozooid_9mushroomOozooid_TailResorbing_50percent,PAIRED,RANDOM,TRANSCRIPTOMIC,Botryllus schlosseri,ILLUMINA,2020-11-18T00:00:00Z,2019-10-27T20:02:00Z,1,Sample_e4092_oozooid_9mushroomOozooid_TailResorbing_50percent,not applicable,SRP227136,whole system,biological replicate 1
SRR10352277,RNA-Seq,300,11893113900,PRJNA579844,SAMN13134442,Model organism or animal,5500931971,STANFORD UNIVERSITY,public,"fastq,run.zq,sra","gs,ncbi,s3","gs.US,ncbi.public,s3.us-east-1",B to B,SRX7061990,NextSeq 500,944axBYd196.6-4.231,Sample_4144_944axBYd196_6_4_231_secondary_bud_5secondaryBud_stageD_midLate_old_14years_naive,PAIRED,RANDOM,TRANSCRIPTOMIC,Botryllus schlosseri,ILLUMINA,2020-11-18T00:00:00Z,2019-10-27T20:15:00Z,1,Sample_4144_944axBYd196_6_4_231_secondary_bud_5secondaryBud_stageD_midLate_old_14years_naive,not applicable,SRP227136,whole system,
SRR10352278,RNA-Seq,300,455666700,PRJNA579844,SAMN13134402,Model organism or animal,205123804,STANFORD UNIVERSITY,public,"fastq,run.zq,sra","gs,ncbi,s3","gs.US,ncbi.public,s3.us-east-1",E1.5,SRX7061911,NextSeq 500,Monterey wild marina colony,Sample_E41_MontereyWildColony_blastula_embryos_25_blastula_pool_080416_sampled__N383Barcode_P56_E8_S54_R1_001,PAIRED,RANDOM,TRANSCRIPTOMIC,Botryllus schlosseri,ILLUMINA,2020-11-18T00:00:00Z,2019-10-27T19:53:00Z,1,Sample_E41_MontereyWildColony_blastula_embryos_25_blastula_pool_080416_sampled__N383Barcode_P56_E8_S54_R1_001,not applicable,SRP227136,whole system,biological replicate 1
SRR10352279,RNA-Seq,300,3604966500,PRJNA579844,SAMN13134421,Model organism or animal,1718635151,STANFORD UNIVERSITY,public,"fastq,run.zq,sra","gs,ncbi,s3","gs.US,ncbi.public,s3.us-east-1",E5,SRX7061976,NextSeq 500,Monterey wild marina colony,IL5701_midwrp_sampled081914,PAIRED,RANDOM,TRANSCRIPTOMIC,Botryllus schlosseri,ILLUMINA,2020-11-18T00:00:00Z,2019-10-27T20:00:00Z,1,IL5701_midwrp_sampled081914,not applicable,SRP227136,whole system,biological replicate 3
SRR10352280,RNA-Seq,300,2975484600,PRJNA579844,SAMN13134427,Model organism or animal,1304518914,STANFORD UNIVERSITY,public,"fastq,run.zq,sra","gs,ncbi,s3","gs.US,ncbi.public,s3.us-east-1",E6-E7,SRX7061982,NextSeq 500,Monterey wild marina colony,Sample_E50_MontereyWildColony_tadpole_motile_embryos_7_tadpole_pool_082316_sampled__N383Barcode_P69_F9_S67_R1_001,PAIRED,RANDOM,TRANSCRIPTOMIC,Botryllus schlosseri,ILLUMINA,2020-11-18T00:00:00Z,2019-10-27T19:58:00Z,1,Sample_E50_MontereyWildColony_tadpole_motile_embryos_7_tadpole_pool_082316_sampled__N383Barcode_P69_F9_S67_R1_001,not applicable,SRP227136,whole system,biological replicate 3
SRR10352281,RNA-Seq,300,409091100,PRJNA579844,SAMN13134392,Model organism or animal,182150336,STANFORD UNIVERSITY,public,"fastq,run.zq,sra","gs,ncbi,s3","gs.US,ncbi.public,s3.us-east-1",E1.1,SRX7061910,NextSeq 500,Monterey wild marina colony,Sample_E12_MontereyWildColony_2_cell_embryos_6_2_cell_pool_060315_sampled__N383Barcode_P43_D7_S42_R1_001,PAIRED,RANDOM,TRANSCRIPTOMIC,Botryllus schlosseri,ILLUMINA,2020-11-18T00:00:00Z,2019-10-27T19:53:00Z,1,Sample_E12_MontereyWildColony_2_cell_embryos_6_2_cell_pool_060315_sampled__N383Barcode_P43_D7_S42_R1_001,not applicable,SRP227136,whole system,biological replicate 2a
SRR10352282,RNA-Seq,300,213813900,PRJNA579844,SAMN13134410,Model organism or animal,95126408,STANFORD UNIVERSITY,public,"fastq,run.zq,sra","gs,ncbi,s3","gs.US,ncbi.public,s3.us-east-1",E3.2,SRX7061920,NextSeq 500,Monterey wild marina colony,Sample_E33_MontereyWildColony_pear_embryos_11_pear_pool_080316_sampled__N383Barcode_P49_E1_S48_R1_001,PAIRED,RANDOM,TRANSCRIPTOMIC,Botryllus schlosseri,ILLUMINA,2020-11-18T00:00:00Z,2019-10-27T19:53:00Z,1,Sample_E33_MontereyWildColony_pear_embryos_11_pear_pool_080316_sampled__N383Barcode_P49_E1_S48_R1_001,not applicable,SRP227136,whole system,biological replicate 1
SRR10352283,RNA-Seq,300,6487095900,PRJNA579844,SAMN13134413,Model organism or animal,2988277857,STANFORD UNIVERSITY,public,"fastq,run.zq,sra","gs,ncbi,s3","gs.US,ncbi.public,s3.us-east-1",E3.2,SRX7061924,NextSeq 500,Monterey wild marina colony,Sample_e22_tailbud_42tailbud_OR_comma,PAIRED,RANDOM,TRANSCRIPTOMIC,Botryllus schlosseri,ILLUMINA,2020-11-18T00:00:00Z,2019-10-27T20:04:00Z,1,Sample_e22_tailbud_42tailbud_OR_comma,not applicable,SRP227136,whole system,biological replicate 4
SRR10352284,RNA-Seq,300,530933400,PRJNA579844,SAMN13134391,Model organism or animal,236651612,STANFORD UNIVERSITY,public,"fastq,run.zq,sra","gs,ncbi,s3","gs.US,ncbi.public,s3.us-east-1",E1.1,SRX7061909,NextSeq 500,Monterey wild marina colony,SampleE55_2cellembryos_9each_fromMontereyMarina_collected82616__N383Barcode_P63_F3_S61_R1_001,PAIRED,RANDOM,TRANSCRIPTOMIC,Botryllus schlosseri,ILLUMINA,2020-11-18T00:00:00Z,2019-10-27T19:53:00Z,1,SampleE55_2cellembryos_9each_fromMontereyMarina_collected82616__N383Barcode_P63_F3_S61_R1_001,not applicable,SRP227136,whole system,biological replicate 1
SRR10352285,RNA-Seq,300,114011400,PRJNA579844,SAMN13134406,Model organism or animal,51181485,STANFORD UNIVERSITY,public,"fastq,run.zq,sra","gs,ncbi,s3","gs.US,ncbi.public,s3.us-east-1",E2,SRX7061916,NextSeq 500,Monterey wild marina colony,Sample_E36_MontereyWildColony_gastrula_embryos_24_gastrula_pool_080416_sampled__N383Barcode_P52_E4_S50_R1_001,PAIRED,RANDOM,TRANSCRIPTOMIC,Botryllus schlosseri,ILLUMINA,2020-11-18T00:00:00Z,2019-10-27T19:53:00Z,1,Sample_E36_MontereyWildColony_gastrula_embryos_24_gastrula_pool_080416_sampled__N383Barcode_P52_E4_S50_R1_001,not applicable,SRP227136,whole system,biological replicate 1
SRR10352286,RNA-Seq,300,1022397300,PRJNA579844,SAMN13134408,Model organism or animal,448559956,STANFORD UNIVERSITY,public,"fastq,run.zq,sra","gs,ncbi,s3","gs.US,ncbi.public,s3.us-east-1",E3.1,SRX7061918,NextSeq 500,Monterey wild marina colony,Sample_E68_MontereyWildColony_neurula_embryos_14_neurula_pool_101316_sampled__N383Barcode_P61_F1_S59_R1_001,PAIRED,RANDOM,TRANSCRIPTOMIC,Botryllus schlosseri,ILLUMINA,2020-11-18T00:00:00Z,2019-10-27T19:55:00Z,1,Sample_E68_MontereyWildColony_neurula_embryos_14_neurula_pool_101316_sampled__N383Barcode_P61_F1_S59_R1_001,not applicable,SRP227136,whole system,biological replicate 1
